{"peak_indexes": [5, 12, 26, 19, 44], "gen_autocol_dict": null, "correlations": [0.9999999729933837, 0.9393857110227474, 0.9108127325165254, 0.484471174113495, 0.48467268095134486, 0.410923349394605, 0.4467146463263732, 0.39740859950063234, 0.37979045986046955, -0.47132076529711553, -0.4692330690770213, -0.4608130567446726, -0.5369513098960975, -0.5269023196396482, -0.52784614773972, -0.5313530671447332, -0.5606746916612895, -0.5391377353353846, -0.584893375692517, -0.5598552206743147, -0.5563248185494857, -0.5541650365350078, -0.3065741343628376, -0.2231270543373331, -0.19381448883518215, 0.16189131970217507, 0.16258944036736045, 0.16874170825524223, 0.15286147654915336, 0.17544182202415715, 0.19579576953821692, 0.1931261152655739, 0.21813238673483648, 0.22501553505014243, 0.2057560878034266, 0.21988498142650803, 0.21204074232353956, 0.19966731961010917, 0.10783657917583053, 0.10952559585224005, 0.11085574292138616, 0.14046683383152694, 0.10759235583959778, 0.10735436481341674, 0.0670319557327818, -0.03614847861440377, -0.07999004758550703, -0.062098622247193015, -0.0829899803572334, -0.08315525420335824, -0.0832983514893916, -0.08570231863278298, -0.09094667552927954, -0.09098743837894595, -0.078600408686924, -0.08198631987530361, -0.06433108305023731, -0.0813276357390768, -0.0458028524469447, -0.03188050484193793, -0.03182065119511925, -0.03177967184271889, -0.031276457960973336, -0.031213898534129567, -0.031067447440667237, -0.030983657205800146, 0.021427408897479402, 0.021479638831670627, 0.021569418020325647, 0.021606905000470505, 0.021666943492744496, 0.021726210063809582, 0.021706281010906308, 0.02171378875984483, 0.026501186513227297, 0.01597974227916235, 0.01982570645245307, 0.01672359558296789, 0.0], "timeseries_binned": [1239.3662641875749, 1239.380189965781, 1239.3939863146113, 1239.407870497558, 1239.4180577088716, 1244.4189983164986, 1268.3524074074078, 1268.4218444749697, 1270.352392508865, 1270.366311728395, 1270.3801626592992, 1270.394013465751, 1270.407923931245, 1270.4218359219435, 1270.4297966269844, 1274.4079398148147, 1274.421833059538, 1274.4301588220164, 1293.3662116686576, 1293.3800959893315, 1293.3939824879226, 1300.199542264038, 1300.2134483273599, 1300.2273029891303, 1300.2412654320985, 1300.2551726046697, 1300.269055530665, 1300.2829598178341, 1300.296741325804, 1300.310718095813, 1300.3245603123728, 1300.3384412335722, 1300.3522822547823, 1300.3662380525689, 1300.3802088365537, 1300.394054161689, 1300.4079624651536, 1300.4218769078145, 1300.43024792885, 1309.4079221425727, 1310.2412081068842, 1310.2550964506172, 1310.269002638391, 1310.2829027279968, 1310.2967939814816, 1310.310693448825, 1310.3245888092392, 1310.338477324771, 1310.3523675826364, 1324.1196180555555, 1324.130192901235, 1324.1440297690162, 1324.157937721631, 1324.1718476204699, 1324.1856968090406, 1324.1996024182429, 1324.2135178962567, 1324.2273801523297, 1324.2412350657112, 1324.2551662234043, 1350.1718061711974, 1350.1857016626843, 1350.1996559229067, 1352.1995479820853, 1352.2134912188003, 1352.2273540173235, 1352.241299189815, 1352.2551984126983, 1352.2689367457344, 1352.2829323039796, 1352.2968094555154, 1352.3107366338108, 1352.3223835243978, 1356.2273791012478, 1356.2412546547907, 1356.25513989533, 1356.2690282809983, 1356.2828761574076], "peak_signal_to_noise": null, "weight_function": "gaussian", "flux_binned_std_dev": 0.11803277448310402, "lag_resolution": null, "flux_binned": [0.8008566695396535, 0.8268387642648489, 0.7615305195881975, 0.742461790528276, 0.6618536679585363, 0.7876192127443357, 0.8996866205007954, 0.8027855442822411, 0.8550023879241797, 0.7887849540928686, 0.8196553028363973, 0.7802658700104526, 0.8427434888147023, 0.8369416305574425, 0.8939061217052583, 0.860607237961865, 0.9245709104894169, 0.6548198420887438, 0.6733895472999314, 0.7875392639211286, 0.8437634926069016, 0.7981096916151146, 0.7712394092171766, 0.6573893813564038, 0.7402540296295111, 0.6264339129702567, 0.778857617231525, 0.709009472662733, 0.6474390542364464, 0.7904787156543733, 0.6872063546347625, 0.7340319428562405, 0.7711881783294697, 0.8229211128255692, 0.8166329986659684, 0.8294710295495226, 0.7849779979645268, 0.745563427001136, 0.5611543464535715, 0.8626179309777546, 0.7262014925928211, 0.8303005085341789, 0.774340747373532, 0.7328452000257905, 0.8107066032119619, 0.6243062798846016, 0.7851517772722838, 0.9079440213454607, 0.8821824421803945, 0.94592026922627, 0.9573873965572605, 0.9752871027870995, 1.0063447545199227, 1.0236878817034254, 1.0298743295982913, 1.0421176366984668, 1.0412143343228293, 1.0496348944076912, 1.0306125635081034, 1.028197711291912, 0.6257518023388252, 0.6087813122449817, 0.5894021749182404, 0.6679713041796966, 0.6662189532567073, 0.6599498915778609, 0.7738791523022298, 0.697408540435589, 0.6817523930850552, 0.7031141816762627, 0.7014694633480985, 0.6700979428770033, 0.6388782853944677, 0.662333559775448, 0.8067270610418811, 0.7425654654574745, 0.7938639715719485, 0.6488405053990713], "selection_function": "natural", "gen_ft_dict": null, "filename": "/home/jtb34/GACF/example/NG0004-2950/13704_VERSION_CYCLE1802", "field": "NG0004-2950", "ok": true, "num_observations": null, "test": "CYCLE1802", "logger": null, "nsig2keep": null, "ft": [0.07734023702157122, 1.7529666302783649, 3.513560772433283, 7.594711673692974, 11.927507821947009, 12.020300696766821, 9.211526767154528, 7.122057432203654, 5.284221601034587, 3.833597842822038, 2.3772773406498664, 2.6775573878299728, 3.170093209081128, 2.8217998033074734, 2.2251402983392095, 1.520462937825749, 0.654010544763915, 0.3993011882760549, 1.5756415011028173, 2.1549615763482293, 1.6716239606613454, 1.6320313073043968, 1.8881381255747074, 2.1146265461988727, 2.116410458118706, 2.114014767202, 2.479256898819744, 2.379663026627228, 1.833449533089169, 1.6242680653036137, 1.600070395225377, 1.5605256863874157, 1.3090967148718133, 0.9535912075623051, 0.5971863247233055, 0.23928912671259345, 0.40356109678626484, 0.48739090277660624, 0.5476392209993812, 0.5121522600592822, 0.6668760462419301, 0.7296062784378272, 0.9424818160238626, 1.470964208483327, 1.5263739511090635, 1.2571909133358063, 0.9549985542696742, 0.6696843691465239, 0.6793891737184186, 0.5298300988910759, 0.5644748040781568, 0.6102322629054957, 0.5230170896093437, 0.4246492756348402, 0.4972407152194507, 0.6737517792209711, 0.8519045801234076, 0.9850113048425881, 0.8432635948239906, 0.6309540641703266, 0.6084780166213206, 0.6550096460716339, 0.9108850428488526, 0.9090200508600292, 0.9613759017963005, 0.8775016012263348, 0.4978941644351957, 0.10263113894415936, 0.2005185493068197, 0.32985824477859405, 0.38687116490767237, 0.40150507087566806, 0.5571562324819023, 0.7556315009720483, 0.8967766626086553, 0.9967414715630913, 1.2511721000116525, 1.2381619399308939, 1.0258680124861008, 1.0001477279082982],