{"peak_indexes": [12, 20, 26, 34], "lag_resolution": null, "correlations": [1.0000000553160564, 1.212196482168157, 1.2119195042864042, 1.2076113872248353, 0.48298540157977216, 0.4627375713295797, 0.4297715477146506, 0.42938726412576583, 0.36819341151251517, 0.33705864171358607, -0.12551151081977757, -0.11006951605613637, -0.07914536532746692, -0.11570357962965107, -0.23984990049251317, -0.24036333069555157, -0.2232842691623604, -0.223794292369327, -0.2284051644916985, -0.1938941551122661, -0.4646459840659099, -0.640462234127845, -0.5511083184244191, -0.5584555928867692, -0.5302368559338079, -0.5426342961729356, -0.6671487323644042, -0.6953789298885144, -0.5785295400342111, 0.03075252665195764, 0.0887426172430458, 0.0886603163902745, 0.10657833203655795, 0.10099632032043931, 0.11157272774458249, 0.09857778337925906, 0.08425917372895979, 0.08020688409461983, 0.09478779706165401, 0.09486168013674653, 0.15391073620949824, 0.05782668540426101, 0.06802641653459555, 0.06801933539111028, 0.015431745978699934, 0.15424814525902755, 0.2333778584881591, 0.23710069283470525, 0.23663822213490118, 0.21594721242857196, 0.28756078487056025, 0.2835057265850974, 0.28308762602898524, 0.04327065880383989, 0.03239309415309709, 0.0048480145305472636, -0.016680672526828304, -0.0009638770274070212, -0.03817372558617552, -0.05168974850930283, -0.0517131849197164, -0.05619403409347525, -0.04749772841311873, -0.07485598419199406, -0.08738866312999281, -0.11209236563493712, -0.10934824912549372, -0.10307234568187912, -0.0895494305088443, -0.1746171767042131, -0.16598815615938894, -0.17087611116638882, -0.17461704057342078, -0.17418355922639991, -0.11561316828290404, -0.11537818123846298, -0.11511277860534604, -0.11481597715734113, 0.0015618776092182851, 0.0015659956131998632, 0.0015697040232021877, 0.0015753048220982216, 0.001578343731968344, 0.0015803874481543343, 0.0015820100616277231, -0.00013366910730597056, -0.003983510125625037, -0.0034913300001553015, -0.003490578579847683, 0.006599428302771863, -0.010051693597428552, -0.009070759640190657, -0.009069543244005577, -0.021462361149938658, 0.0], "timeseries_binned": [1239.3663164251207, 1239.380166817633, 1239.3939631664632, 1239.4078473494098, 1239.4180410206718, 1244.3663009010356, 1244.3801693337357, 1244.4189751683502, 1267.3246414526081, 1268.3523726851852, 1268.39398047504, 1268.4218097527473, 1270.2967770559537, 1270.3246247759857, 1270.3384518120272, 1270.3523577866429, 1270.3662770061726, 1270.3801279370768, 1270.3940531422381, 1270.4079635852247, 1270.4218011997214, 1270.4297619047618, 1274.3940515549516, 1274.4079050925925, 1274.4217983373155, 1274.4301240997943, 1293.366251761272, 1293.3800612671093, 1293.3939477657007, 1293.407909199522, 1300.199582201087, 1300.2134136051375, 1300.2272682669081, 1300.2412307098764, 1300.2551378824476, 1300.269009234369, 1300.282913521538, 1300.2966950295074, 1300.3107472122658, 1300.3246021090536, 1300.3384810874702, 1300.3523234310696, 1300.3662033303465, 1300.3801741143316, 1300.3940194394665, 1300.4079277429312, 1300.4218421855924, 1300.4302132066277, 1309.4078874203503, 1310.21351291816, 1310.2274305555557, 1310.2413243508456, 1310.2551363727857, 1310.2689679161688, 1310.2828680057746, 1310.2967592592595, 1310.310658726603, 1310.324554087017, 1310.3384426025484, 1310.352332860414, 1324.1195949074074, 1324.130159547989, 1324.1439950467939, 1324.1579029994086, 1324.1718128982477, 1324.1856620868182, 1324.1995676960203, 1349.1162317769897, 1349.185699795898, 1350.1301575567504, 1350.157919280167, 1350.17178302305, 1350.185678514536, 1350.1996327747584, 1352.1857391228593, 1352.199524833937, 1352.213468070652, 1352.2273308691758, 1352.2412760416667, 1352.2551752645504, 1352.2689135975863, 1352.2829091558312, 1352.296786307367, 1352.3107134856634, 1352.3223603762492, 1356.1301192632852, 1356.1718120974233, 1356.1995644625604, 1356.2134592642915, 1356.2273559531, 1356.2412315066424, 1356.2551167471822, 1356.2690051328502, 1356.2828530092593], "peak_signal_to_noise": null, "weight_function": "gaussian", "flux_binned_std_dev": 0.06101248114286888, "alpha": null, "lc_data2get": ["HJD", "SYSREM_FLUX3", "FLAGS"], "flux_binned": [0.8885451009532714, 0.9094233367023434, 0.8769949983208527, 0.83792631782929, 0.8781390084863494, 0.8791218847999444, 0.8906593297856428, 0.8902844223446844, 0.9776269062189932, 0.9812695961216167, 0.9492089824688579, 0.9199349597873596, 1.011054947547616, 0.9729882805259995, 0.9584359046405042, 0.9377479856510506, 0.9205606091823995, 0.9175656190990629, 0.9044885120303398, 0.9352651782010812, 0.9390523762370966, 0.9976154399983848, 0.9944550466188161, 0.9671637538843153, 0.9829077567967796, 0.8721761016196061, 0.9060425897665739, 0.9120705428734084, 0.9616018734120806, 0.98400183957799, 0.9648968296311893, 0.8991956065509148, 0.8483538579753773, 0.8568194126510367, 0.7867552192952363, 0.9320463185485657, 0.8426539991081382, 0.8859805210871874, 0.8933211525249444, 0.8260706234403343, 0.8315035666937935, 0.8619430472199539, 0.9022729215666911, 0.9062171849253053, 0.9383251140669954, 0.8517725276225514, 0.8663760363824968, 0.683653965253956, 0.9345070253455312, 0.9976493946379998, 0.9666659366754008, 0.9147952017875008, 0.9219722381642715, 0.9325875836321358, 0.9544738603019732, 0.9549335538844559, 0.8724927688170234, 0.8871023301421664, 0.9716953923252669, 0.9703171152379281, 1.0154008400458208, 1.0395082323425577, 1.0543613780239345, 1.0836124963923197, 1.1028216807807798, 1.1164720486511719, 1.1242038114183424, 0.9280233969567602, 0.949897618724959, 0.9009089094462912, 1.0083111514771725, 0.9142509732072779, 0.911686895628762, 0.9084834059758358, 0.9464977848615952, 0.9439518900930508, 0.9141324333411657, 0.9053245696877288, 0.9651131648868441, 0.9047103222204889, 0.9230351288874923, 0.8412271508129474, 0.8547910247640831, 0.9245255667888264, 0.9448663046110903, 0.9654806887005489, 0.9358928367463941, 0.9773714427617699, 0.9836982569717263, 0.9156514514051344, 1.0077461784203798, 0.8514097755407453, 0.9655183100394125, 0.8587441032695204], "selection_function": "natural", "gen_ft_dict": null, "gen_data_dict": null, "filename": "/Users/joshbriegal/GitHub/GACF/example/Blanco1/NG0004-2950/15987_VERSION_CYCLE1802", "field": "NG0004-2950", "num_observations": null, "test": "CYCLE1802", "logger": null, "flux_std_dev": null,