{"peak_indexes": [5, 11, 15, 20, 29], "lag_resolution": null, "correlations": [0.999999909221658, 0.5081536332170958, 0.37915919194018466, 0.05051795469449578, 0.004762668302518297, -0.15416017693245232, -0.10867942998039434, -0.08844216267443915, -0.08045308139108182, -0.06552559754196448, -0.04102906802610308, -0.01379090026224674, 0.07607265158285055, -0.11407729378895683, -0.1454924233659616, -0.039367078274632296, -0.11495442143910362, 0.04586685112296388, 0.07526363136252476, 0.0816679072469998, 0.17210681314121645, 0.18726234440177666, 0.1569450623143137, 0.1876523327149014, 0.3240209237370138, 0.09093608192830371, 0.0378102524173855, -0.1030291286599755, -0.018186770787861344, -0.1291432061074002, -0.09034593800810513, -0.08016773410698244, -0.09763982830551635, -0.0983537905930601, -0.12406200317341172, -0.12451721046283326, -0.12483980783796846, -0.09423207169595353, -0.11187365347197882, -0.021197845358102364, -0.027565741074641353, -0.04507284315201589, -0.04013304787997838, -0.02860937959547678, 0.004624759507532088, 0.004721711537930654, 0.004814728617913409, 0.004903520976416259, 0.004987809469630363, 0.005067327042577324, 0.005141820138581106, -0.006693509772407925, 0.01641226382430297, 0.017031541660426572, -0.006706948919805025, 0.011839326274625767, 0.0], "timeseries_binned": [1239.3940538512416, 1239.4079399420023, 1239.4181268841517, 1244.4190561868686, 1268.421838013285, 1270.3663066390861, 1270.3802321037438, 1270.3940883861014, 1270.407930480884, 1270.4218426172185, 1274.408009259259, 1274.4302282664607, 1293.3662811131023, 1293.380175875604, 1300.2135177718044, 1300.2273724335746, 1300.241334876543, 1300.2552420491143, 1300.2691142722024, 1300.2830292622787, 1300.2967327674899, 1300.3107127389485, 1300.324629756817, 1300.3385106780167, 1300.3523516992266, 1300.3663074970134, 1300.3802782809983, 1300.3941236061332, 1300.4080319095979, 1300.421869984568, 1300.4302424768516, 1310.2412659772542, 1310.2551543209877, 1310.2690605087614, 1310.2829605983673, 1310.2968563321388, 1310.3107628932694, 1310.3246582536835, 1350.171829319346, 1350.1857248108322, 1350.1996790710548, 1352.1995711302336, 1352.2135143669486, 1352.227377165472, 1352.2413223379629, 1352.2552215608466, 1352.269038451646, 1352.283029918359, 1352.2968326036632, 1352.3107597819594, 1352.322406672545, 1356.2273906753219, 1356.2412662288648, 1356.2551514694042, 1356.2690398550724, 1356.28296333632], "peak_signal_to_noise": null, "weight_function": "gaussian", "flux_binned_std_dev": 0.07381180199631016, "alpha": null, "lc_data2get": ["HJD", "SYSREM_FLUX3", "FLAGS"], "flux_binned": [1.000230349425092, 0.9480348073276145, 0.9559880164741295, 1.0947989592305207, 1.1239696523773293, 1.0702647112971897, 1.1175609636773511, 0.9582460897116513, 1.1318248098123809, 1.0593983775634612, 1.1381073290306964, 0.9789562179024195, 0.9983759670311421, 1.1264190912449967, 0.9861719793030552, 0.9292614579269839, 1.0248848960968568, 0.9266154521566613, 0.9963887204483394, 0.8822711279165427, 0.9321840066020113, 0.9066761165033543, 0.8565106928635708, 1.0239981048828877, 1.036980790052695, 1.0174930123993702, 0.9013170806441854, 1.1429706733201757, 0.9556288711822467, 0.9684882707442584, 0.8650079757136622, 0.9622811442284542, 1.1146697771306227, 1.023596422451473, 1.018727413409756, 1.0222195786711779, 0.9374901285255036, 1.0296362842830162, 0.9361525260288928, 0.9109910097807097, 0.8960889263105855, 1.0234520742649018, 0.9928303805812293, 1.0022127037218709, 1.0832284452958738, 1.028121272045864, 1.0553745495556388, 1.002082723406885, 1.0248097093853357, 1.0033573441581598, 0.9737270336138674, 0.9757608856582636, 1.1098836794625695, 1.0562149927967526, 1.1029779345025896, 0.9654863640401528], "selection_function": "natural", "gen_ft_dict": null, "gen_data_dict": null, "filename": "/Users/joshbriegal/GitHub/GACF/example/Blanco1/NG0004-2950/12008_VERSION_CYCLE1802", "field": "NG0004-2950", "num_observations": null, "test": "CYCLE1802", "logger": null, "flux_std_dev": null, "ft": [1.1194009257553281, 2.0341430966034157, 1.886177078707268, 0.3385890776775374, 2.9869730395335066, 3.967066583859539, 3.050455435744999, 1.525461670243499, 1.0955667331300185, 1.9405512817243207, 2.577564800856463, 2.6109501823631676, 2.0345394312660243, 1.5632240893605476, 1.7155642856466358, 1.818052049801956, 1.1548373690608233, 0.8476697788293834, 1.2652020193215572, 1.4171062189600412, 1.4852639364706737, 1.2197405136713038, 0.8338017852363072, 0.9580256152071491, 0.9939136714663565, 0.7002943632097705, 0.5696932693876018, 0.5509744403579757, 1.0326772836249865, 1.1844173845175228, 0.8255398208184652, 0.6263592981245385, 0.7914670495749695, 0.9249943409575294, 0.7696837702777057, 0.5270079484739782, 0.3424808762990101, 0.8554146186371808, 0.9822103190788937, 0.938424236757402, 0.782014087561291, 0.65072843531241, 0.2893585161638686, 0.45205538662178546, 0.6511457057952043, 0.6513670709272286, 0.7617502164548289, 0.8364750490633797, 0.9156664764958734, 0.8137912752790434, 0.46988297511662797, 0.5828183553834979, 1.1562323037309707, 1.1317573873285343, 0.7783656407983822, 0.698946367237937, 1.026421062314461, 1.1409197180761006], "gen_autocol_dict": null, "tbin": 20, "period_axis": [Infinity, 237.95242288033847, 118.97621144016924, 79.31747429344615, 59.48810572008462, 47.590484576067695, 39.65873714672308, 33.99320326861978, 29.74405286004231, 26.439158097815387, 23.795242288033847, 21.632038443667135, 19.82936857336154, 18.304032529256805, 16.99660163430989, 15.863494858689231, 14.872026430021155, 13.997201345902264, 13.219579048907693, 12.52381173054413, 11.897621144016924, 11.331067756206595, 10.816019221833567, 10.345757516536457, 9.91468428668077, 9.518096915213539, 9.152016264628402, 8.813052699271795, 8.498300817154945, 8.205255961390982, 7.9317474293446155, 7.675884609043177, 7.436013215010577, 7.210679481222378, 6.998600672951132, 6.7986406537239565, 6.609789524453847, 6.431146564333472, 6.261905865272065, 6.101344176418936, 5.948810572008462, 5.8037176312277685, 5.665533878103298, 5.5337772762869415, 5.408009610916784, 5.287831619563078, 5.1728787582682285, 5.062817508092309, 4.957342143340385, 4.856171895517112, 4.759048457606769, 4.665733781967421, 4.576008132314201, 4.4896683562328015, 4.4065263496358975, 4.326407688733426, 4.2491504085774725, 4.174603910181377], "timeseries": null, "max_lag": null, "nsig2keep": null, "do_relflux": true, "running_noise_threshold": null, "ok": true, "lag_timeseries": [0.0, 2.0873019550906884, 4.174603910181377, 6.261905865272065, 8.349207820362754, 10.436509775453441, 12.523811730544129, 14.611113685634816, 16.698415640725504, 18.78571759581619, 20.87301955090688, 22.960321505997566, 25.047623461088254, 27.13492541617894, 29.22222737126963, 31.309529326360316, 33.39683128145101, 35.484133236541695, 37.57143519163238, 39.65873714672307, 41.74603910181376, 43.833341056904445, 45.92064301199513, 48.00794496708582, 50.09524692217651, 52.182548877267195, 54.26985083235788, 56.35715278744857, 58.44445474253926, 60.531756697629945, 62.61905865272063, 64.70636060781132, 66.79366256290201, 68.88096451799271, 70.9682664730834, 73.0555684281741, 75.14287038326479, 77.23017233835549, 79.31747429344618, 81.40477624853688, 83.49207820362757, 85.57938015871827, 87.66668211380896, 89.75398406889965, 91.84128602399035, 93.92858797908104, 96.01588993417174, 98.10319188926243, 100.19049384435313, 102.27779579944382, 104.36509775453452, 106.45239970962521, 108.5397016647159, 110.6270036198066, 112.7143055748973, 114.80160752998799, 0.0], "median_flux": null, "flux": null, "num_observations_binned": 56, "obj": 12008, "peak_percentages": null,