{"peak_indexes": [5, 12, 24, 32, 44], "gen_autocol_dict": null, "correlations": [1.0000000263363957, 1.0658897446510756, 1.033311849581959, 0.8739659131492435, 0.8312520309647006, 0.7545833277314576, -0.19545054499351888, -0.2132537397986091, -0.5721333513128977, -0.5729966126098145, -0.581315836266459, -0.7260802482594088, -0.8223531881425401, -0.6908592071643717, -0.5783118343824, -0.4784995897938433, -0.4806497079191599, 0.10424000431538957, 0.10463854932158205, 0.09811397964909255, 0.1572892476013296, 0.148645950005441, 0.1400403752945744, 0.20812746594790404, 0.16997033359224445, 0.10253267985127289, 0.03995602895704946, 0.038915280594334245, 0.0406101779575748, 0.0006572753239190741, -0.011679946812371259, 0.0024481345937596485, 0.002445251846553406, -0.002697710660167552, -0.0026936257841822455, 0.0004930329120912827, -0.03498903119004952, -0.03201115544087173, -0.025449736334818365, -0.04055144417397731, -0.04052884678717294, -0.040483689783886466, -0.04041604859956351, -0.040326036124785344, -0.04014940949281071, 0.010094227922224867, 0.010122400162075046, 0.01014499455460259, 0.010168347845165498, 0.010176853272790611, 0.010179689996029546, 0.005964980356186713, 0.01200247343597418, 0.0029232349871350606], "timeseries_binned": [1239.407840481278, 1239.418034291559, 1270.3939903176026, 1270.421824347869, 1274.4079166666668, 1293.3662116686576, 1300.2134483273599, 1300.2273029891303, 1300.2412654320985, 1300.2551726046697, 1300.2690439565908, 1300.2829482437603, 1300.296659850823, 1300.310643294504, 1300.3245603123728, 1300.3384412335722, 1300.3522822547823, 1300.3662380525689, 1300.3802088365537, 1300.4079624651536, 1300.4218005401235, 1300.4301730324073, 1310.2412081068842, 1310.2829027279968, 1310.310701538232, 1310.3246003833137, 1324.1195666956019, 1324.130131501182, 1324.1440413430903, 1324.1578749751097, 1324.1717847468483, 1324.1857083831142, 1324.1995396505374, 1324.2134549842392, 1324.2273917264038, 1324.241246639785, 1350.171829319346, 1350.1856492803945, 1350.1996037435285, 1352.1994965900042, 1352.2135143669486, 1352.2273014794687, 1352.2412472620467, 1352.2552215608466, 1352.2689598938825, 1352.282880948825, 1352.2966818890898, 1352.3106105635206, 1356.2274022493964, 1356.2412778029386, 1356.2551630434784, 1356.2690514291469, 1356.2828993055555], "peak_signal_to_noise": null, "weight_function": "gaussian", "flux_binned_std_dev": 0.09452243723723674, "lag_resolution": null, "flux_binned": [0.6562855349663478, 0.6418416976962527, 0.650857291220561, 0.754521704425513, 0.8365584797545002, 0.6787333900934098, 0.5961592391995962, 0.6430252280285513, 0.586310545121306, 0.6354202970724172, 0.7025185478193139, 0.5642636089243861, 0.5829590149434494, 0.5645859672858663, 0.5744001285966379, 0.6938049436424446, 0.7009062044331957, 0.6328422575486502, 0.6070624532881774, 0.6096078708706946, 0.5918617318232159, 0.5691435834256899, 0.6663620507539096, 0.6760066804062298, 0.6416107438078394, 0.7067991532478728, 0.9506548224330216, 0.9605973833893645, 0.970288109263016, 0.9980363009712907, 1.0123789235468559, 1.0204221231919546, 1.0297501072623612, 1.0309975025303673, 1.043132667682885, 1.0429835838354342, 0.6435430816466515, 0.5588093621819509, 0.6031927937028622, 0.6767264906316325, 0.6734743825174762, 0.6766932383147064, 0.6141738000897498, 0.7005727357004202, 0.6506812194144677, 0.7190220194163588, 0.6802888223754998, 0.6291852906563747, 0.6728780865261532, 0.8069315321399009, 0.7504284387682617, 0.8025615315607432, 0.6727277025288703], "selection_function": "natural", "gen_ft_dict": null, "filename": "/home/jtb34/GACF/example/NG0004-2950/8751_VERSION_CYCLE1802", "field": "NG0004-2950", "ok": true, "num_observations": null, "test": "CYCLE1802", "logger": null, "nsig2keep": null, "ft": [0.736023320883449, 2.3386763267346797, 4.253162102305844, 6.916156635882459, 9.441506858112897, 9.807995266587977, 8.817137986727802, 7.353714213208744, 4.980040348316037, 3.284140816667196, 2.66410872932598, 2.308161931395684, 2.3236768765078346, 2.206165804160677, 2.0018498122628006, 1.5141505598201, 0.6793362838048079, 0.1081396762343882, 0.5329960063476474, 0.9216483459533735, 0.7486528613759758, 0.5742750011809848, 0.8752283350380214, 1.3741757087401223, 1.6436181967009666, 1.5768534439728552, 1.4290236379339978, 1.1687872545749372, 0.8224710637182703, 0.5858052651742686, 0.5869052663858773, 1.126833718081807, 1.3028487106390225, 1.1295768571542375, 0.8659457343051763, 0.4733803695680354, 0.15640430891008753, 0.276278022435815, 0.3577189188612766, 0.18440774133021035, 0.21628971724424748, 0.5530237964317979, 0.9412751888137857, 1.25810220883395, 1.2582371998981943, 1.1929479614796472, 1.0885051799181058, 0.8129671667623805, 0.6971678577143889, 0.6703430469889593, 0.8017734285999718, 0.8315545338077664, 0.7238380582523143, 0.5735013573362816, 0.4642919711329215], "lag_timeseries": [0.0, 2.2051897891373096, 4.410379578274619, 6.615569367411929, 8.820759156549238, 11.025948945686547, 13.231138734823856, 15.436328523961166, 17.641518313098477, 19.846708102235787, 22.0518978913731, 24.25708768051041, 26.46227746964772, 28.66746725878503, 30.872657047922342, 33.07784683705965, 35.28303662619696, 37.48822641533427, 39.693416204471575, 41.89860599360888, 44.10379578274619, 46.3089855718835, 48.514175361020804, 50.71936515015811, 52.92455493929542, 55.129744728432726, 57.334934517570034, 59.54012430670734, 61.74531409584465, 63.950503884981956, 66.15569367411926, 68.36088346325657, 70.56607325239388, 72.77126304153118, 74.97645283066849, 77.1816426198058, 79.3868324089431, 81.59202219808041, 83.79721198721772, 86.00240177635503, 88.20759156549234, 90.41278135462964, 92.61797114376695, 94.82316093290426, 97.02835072204157, 99.23354051117887, 101.43873030031618, 103.64392008945349, 105.8491098785908, 108.0542996677281, 110.25948945686541, 112.46467924600272, 114.66986903514002, 116.87505882427733], "lc_data2get": ["HJD", "SYSREM_FLUX3", "FLAGS"], "max_lag": null, "tbin": 20, "period_axis": [Infinity, 238.16049722682942, 119.08024861341471, 79.38683240894314, 59.540124306707355, 47.632099445365874, 39.69341620447157, 34.02292817526135, 29.770062153353678, 26.46227746964771, 23.816049722682937, 21.65095429334813, 19.846708102235784, 18.320038248217646, 17.011464087630674, 15.877366481788625, 14.885031076676839, 14.009441013342908, 13.231138734823855, 12.53476301193839, 11.908024861341469, 11.340976058420448, 10.825477146674064, 10.354804227253451, 9.923354051117892, 9.526419889073177, 9.160019124108823, 8.820759156549238, 8.505732043815337, 8.212430938856187, 7.938683240894313, 7.682596684736433, 7.442515538338419, 7.216984764449376, 7.004720506671454, 6.804585635052269, 6.615569367411927, 6.436770195319714, 6.267381505969195, 6.106679416072549, 5.954012430670734, 5.808792615288522, 5.670488029210224, 5.538616214577428, 5.412738573337032, 5.292455493929542, 5.177402113626726, 5.0672446218474345, 4.961677025558946, 4.86041831075162, 4.763209944536588, 4.669813671114302, 4.5800095620544115, 4.493594287298668, 4.410379578274619], "timeseries": null, "alpha": null, "flux_std_dev": null, "do_relflux": true, "running_noise_threshold": null, "obj": 8751, "gen_data_dict": null, "median_flux": null, "flux": null, "num_observations_binned": 53, "peak_percentages": null, "periods": [47.632099445365874, 19.846708102235784, 9.923354051117892, 7.442515538338419, 5.412738573337032], "median_flux_binned": 0.6734743825174762,