{"peak_indexes": [5, 12, 26, 19, 44], "gen_autocol_dict": null, "correlations": [0.9999999032806731, 1.2351787887318777, 1.2249650228785776, 0.840076064305294, 0.791743586772773, 0.7918292863029731, 0.933174795202573, 0.874328189782008, 0.04453211015824486, -0.3071134777028162, -0.28875522329880215, -0.5599876259186072, -0.5631180113023089, -0.5639853404133869, -0.5642115335825052, -0.8088584462899828, -0.8652943077302461, -0.5521287914975651, -0.6844204831186417, -0.7043328031041995, -0.46021697361829933, -0.4919099237360643, -0.4526941128666136, 0.15462676176713216, 0.15538929079753888, 0.16646103689883512, 0.15490107662040276, 0.1897712251173759, 0.18718654018536887, 0.1671245253149677, 0.17125100694888162, 0.22979742873227393, 0.0995720374706635, 0.14406691403049735, 0.13094187463076545, 0.015266068601802761, 0.004216558489439229, 0.011793432257382185, 0.049883857262719454, 0.057744105430053226, 0.057738859521814845, -0.0015592661448065657, 0.026614952109257663, -0.009840518336788642, 0.008829720680895395, 0.010712305451148457, 0.010706008745365947, 0.01230596241992849, -0.03127146698963572, -0.03131353829819357, -0.0341286284015388, -0.03605328655042245, -0.032693417720707316, -0.07521046070483094, -0.07519450078913296, -0.06689547678699326, -0.06676885589045287, -0.06668571823901202, -0.07081590768416288, -0.0706889017145697, -0.0703870574757205, 0.023743905222129928, 0.02379473615074649, 0.02388245649953142, 0.023951419144661024, 0.0239788133009809, 0.024734482319746724, 0.024281418784005738, 0.02422605712499812, 0.00972980449570347, 0.019918283241660846, 0.021214173040785676, 0.0065046455866704786], "timeseries_binned": [1239.3940210368337, 1239.40790521978, 1239.4180921619293, 1244.419033038721, 1268.3940499194846, 1268.4218791971919, 1270.3663464506171, 1270.3801973815214, 1270.3940481879729, 1270.4079586534672, 1270.4218706441657, 1274.4079745370368, 1274.4301935442386, 1293.36624639088, 1293.3801307115539, 1300.2134830495822, 1300.2273377113524, 1300.241300154321, 1300.255207326892, 1300.2690819145757, 1300.2829945400565, 1300.2966980452675, 1300.3106780167263, 1300.324595034595, 1300.3384759557944, 1300.3523169770042, 1300.3662727747912, 1300.380243558776, 1300.394088883911, 1300.4079971873757, 1300.421911630037, 1300.430282651072, 1309.4079568647949, 1310.2412419484704, 1310.2551311728396, 1310.269037360613, 1310.282937450219, 1310.2968287037038, 1310.310728171047, 1310.3246235314614, 1324.1196527777777, 1324.130217418359, 1324.1440529171646, 1324.1579608697793, 1324.171870768618, 1324.185719957188, 1324.199625566391, 1324.2135410444046, 1324.2274033004778, 1324.2412582138588, 1324.2551893715527, 1324.2691208681804, 1324.2829610961767, 1324.2968066756273, 1350.1718177452722, 1350.1857132367584, 1350.1996674969805, 1352.199559556159, 1352.2135027928741, 1352.2273655913982, 1352.2413107638888, 1352.2552099867728, 1352.2689483198085, 1352.2829438780539, 1352.2968210295894, 1352.3107482078854, 1352.3223950984714, 1356.2273791012478, 1356.2412546547907, 1356.25513989533, 1356.2690282809983, 1356.2828761574076], "peak_signal_to_noise": null, "weight_function": "gaussian", "flux_binned_std_dev": 0.08926056964356537, "lag_resolution": null, "flux_binned": [0.725905581036082, 0.6946337446231103, 0.7114316595205761, 0.8050897888349914, 0.865411006374918, 0.8182176500842968, 0.7858154496852958, 0.8110089401777708, 0.6817293331722691, 0.8395632509132964, 0.7750580204434707, 0.8416076227312865, 0.698305035534828, 0.712534246939742, 0.7570697136563831, 0.7560603746673256, 0.6647511077323736, 0.7453276906966482, 0.6678965822532607, 0.7268959692716522, 0.6466433019067015, 0.6686014719229637, 0.6537831580962589, 0.716885764734252, 0.7309335726805938, 0.7672970373270456, 0.7349925395069595, 0.6951433734823983, 0.7812381519126218, 0.6936387166492, 0.6975952586740733, 0.5976668426192919, 0.8450845807802572, 0.7471664705535191, 0.827436088429206, 0.78759867640844, 0.7800607719114118, 0.8200470679802502, 0.680920121563619, 0.7661000673195102, 0.9398888285699992, 0.9522194796671613, 0.9600128378466715, 0.9842911244857468, 1.0017037531606414, 1.0072527977312875, 1.0208559743972228, 1.0309943181970496, 1.0451532324108448, 1.0329285735584324, 1.0244696500692847, 1.0393490640946652, 1.041571230685852, 1.0906441965307376, 0.686964339630991, 0.6514476787842747, 0.6509258835000058, 0.7524307795374919, 0.7246945062239925, 0.7257018862124174, 0.8038546698677699, 0.7579345402619377, 0.7738568849819588, 0.7403654802312709, 0.7501432854304751, 0.7332587208418737, 0.7093346627592784, 0.7038442644812523, 0.8093327779944592, 0.7633304940884166, 0.8138963833837649, 0.6924483247595781], "selection_function": "natural", "gen_ft_dict": null, "filename": "/home/jtb34/GACF/example/NG0004-2950/12702_VERSION_CYCLE1802", "field": "NG0004-2950", "ok": true, "num_observations": null, "test": "CYCLE1802", "logger": null, "nsig2keep": null, "ft": [1.5961554359041186, 3.2974626514681993, 5.505964843245893, 9.170468339908972, 13.080298038046497, 13.256694468244726, 11.948606436320478, 10.609708177478586, 6.989601756449995, 4.2359994829144885, 3.2493104372004007, 2.9664016471309735, 3.3770749914299723, 2.883435822005371, 2.322456026410653, 1.640157255981803, 0.44348987200234397, 0.49375271778389146, 1.4267899154256574, 1.9592472734897373, 1.4497240045289763, 1.2486550272821808, 1.6698126594595, 2.4026397551760166, 2.7176075041589414, 2.761642350029965, 3.045036934754746, 2.714230887803416, 1.8470895853030862, 1.5074786783906446, 1.1800275770290265, 1.5616466853217958, 1.6127767978354115, 1.2888291940108225, 1.1169464417386628, 0.8146633598664458, 0.5884909165184414, 0.2751992827138765, 0.37941435674395524, 0.3705288046450901, 0.3221179138558629, 0.6965980605641464, 1.2786549807543395, 1.7866885227715785, 1.8209582468004912, 1.6936083517399194, 1.376927182623085, 0.709307906724336, 0.43041258093562434, 0.12111934300740251, 0.3980100824026242, 0.6297243630565587, 0.7861320061599053, 0.8493875632112595, 0.7479988595499079, 0.6995638989307155, 0.7544531235182538, 0.7733876819388329, 0.6759759329718198, 0.6473586946842964, 0.5945683945446412, 0.6084113409332379, 0.8892504695018304, 0.7280772521161769, 0.585708865205339, 0.6210308446650142, 0.40860043838246113, 0.22334954230370035, 0.36691801597829166, 0.8027440083603901, 0.8580017530381158, 0.6539236775909129, 0.44101385626684164, 0.23345725380722226], "lag_timeseries": [0.0, 1.623456321119082, 3.246912642238164, 4.870368963357246, 6.493825284476328, 8.11728160559541, 9.740737926714493, 11.364194247833575, 12.987650568952658, 14.61110689007174, 16.23456321119082, 17.858019532309903, 19.481475853428986, 21.10493217454807, 22.72838849566715, 24.351844816786233, 25.975301137905316, 27.598757459024398, 29.22221378014348, 30.845670101262563, 32.46912642238164, 34.09258274350072, 35.7160390646198, 37.33949538573888, 38.96295170685796, 40.586408027977036, 42.209864349096115, 43.833320670215194, 45.45677699133427, 47.08023331245335, 48.70368963357243, 50.32714595469151, 51.95060227581059, 53.57405859692967, 55.197514918048746, 56.820971239167825, 58.444427560286904, 60.06788388140598, 61.69134020252506, 63.31479652364414, 64.93825284476323, 66.5617091658823, 68.18516548700138, 69.80862180812046, 71.43207812923954, 73.05553445035862, 74.6789907714777, 76.30244709259678, 77.92590341371586, 79.54935973483494, 81.17281605595402, 82.7962723770731, 84.41972869819217, 86.04318501931125, 87.66664134043033, 89.29009766154941, 90.91355398266849, 92.53701030378757, 94.16046662490665, 95.78392294602573, 97.4073792671448, 99.03083558826388, 100.65429190938296, 102.27774823050204, 103.90120455162112, 105.5246608727402, 107.14811719385928, 108.77157351497836, 110.39502983609744, 112.01848615721651, 113.6419424783356, 115.26539879945467, 116.88885512057375], "lc_data2get": ["HJD", "SYSREM_FLUX3", "FLAGS"], "max_lag": null, "tbin": 20,